Time,Z-stack,Microns,Intensity,Cell
1,0,0,557.594,1
1,1,2.498,788.733,1
1,2,4.9959,785.602,1
1,3,7.4939,751.869,1
1,4,9.9918,829.713,1
1,5,12.4898,954.544,1
1,6,14.9878,881.375,1
2,0,0,576.569,1
2,1,2.498,865.845,1
2,2,4.9959,924.826,1
2,3,7.4939,1084.258,1
2,4,9.9918,1114.37,1
2,5,12.4898,979.678,1
2,6,14.9878,1002.896,1
3,0,0,510.412,1
3,1,2.498,830.711,1
3,2,4.9959,972.954,1
3,3,7.4939,1242.331,1
3,4,9.9918,1199.188,1
3,5,12.4898,958.335,1
3,6,14.9878,973.482,1
4,0,0,707.89,1
4,1,2.498,1166.453,1
4,2,4.9959,1343.524,1
4,3,7.4939,1527.118,1
4,4,9.9918,1405.564,1
4,5,12.4898,1381.97,1
4,6,14.9878,1270.634,1
5,0,0,964.201,1
5,1,2.498,1211.464,1
5,2,4.9959,1206.688,1
5,3,7.4939,1160.884,1
5,4,9.9918,1188.505,1
5,5,12.4898,1308.997,1
5,6,14.9878,1179.353,1
6,0,0,1142.841,1
6,1,2.498,910.798,1
6,2,4.9959,716.681,1
6,3,7.4939,422.852,1
6,4,9.9918,270.052,1
6,5,12.4898,156.994,1
6,6,14.9878,136.695,1
7,0,0,742.646,1
7,1,2.498,462.875,1
7,2,4.9959,214.619,1
7,3,7.4939,92.024,1
7,4,9.9918,43.756,1
7,5,12.4898,40.777,1
7,6,14.9878,41.98,1
8,0,0,570.096,1
8,1,2.498,198.744,1
8,2,4.9959,113.68,1
8,3,7.4939,63.252,1
8,4,9.9918,67.533,1
8,5,12.4898,64.11,1
8,6,14.9878,52.301,1
9,0,0,434.234,1
9,1,2.498,143.258,1
9,2,4.9959,73.258,1
9,3,7.4939,49.412,1
9,4,9.9918,51.319,1
9,5,12.4898,47.49,1
9,6,14.9878,47.763,1
10,0,0,259.008,1
10,1,2.498,111.579,1
10,2,4.9959,78.262,1
10,3,7.4939,65.694,1
10,4,9.9918,70.351,1
10,5,12.4898,74.272,1
10,6,14.9878,71.13,1
11,0,0,406.709,1
11,1,2.498,254.941,1
11,2,4.9959,125.512,1
11,3,7.4939,114.64,1
11,4,9.9918,116.653,1
11,5,12.4898,90.451,1
11,6,14.9878,90.273,1
1,0,0,517.444,2
1,1,2.49796,733.661,2
1,2,4.99592,875.128,2
1,3,7.49389,867.69,2
1,4,9.99185,654.405,2
2,0,0,538.391,2
2,1,2.49796,809.945,2
2,2,4.99592,930.155,2
2,3,7.49389,843.407,2
2,4,9.99185,638.51,2
3,0,0,565.171,2
3,1,2.49796,871.169,2
3,2,4.99592,967.783,2
3,3,7.49389,859.813,2
3,4,9.99185,681.061,2
4,0,0,584.431,2
4,1,2.49796,881.855,2
4,2,4.99592,961.777,2
4,3,7.49389,916.016,2
4,4,9.99185,697.216,2
5,0,0,608.947,2
5,1,2.49796,834.428,2
5,2,4.99592,889.755,2
5,3,7.49389,937.182,2
5,4,9.99185,759.945,2
6,0,0,597.263,2
6,1,2.49796,792.551,2
6,2,4.99592,858.797,2
6,3,7.49389,928.911,2
6,4,9.99185,805.667,2
7,0,0,602.519,2
7,1,2.49796,799.485,2
7,2,4.99592,840.335,2
7,3,7.49389,982.087,2
7,4,9.99185,899.781,2
8,0,0,611.336,2
8,1,2.49796,787.566,2
8,2,4.99592,824.778,2
8,3,7.49389,967.341,2
8,4,9.99185,857.487,2
9,0,0,594.506,2
9,1,2.49796,800.019,2
9,2,4.99592,849.637,2
9,3,7.49389,959.972,2
9,4,9.99185,816.429,2
10,0,0,607.798,2
10,1,2.49796,786.465,2
10,2,4.99592,824.383,2
10,3,7.49389,981.194,2
10,4,9.99185,905.055,2
11,0,0,592.598,2
11,1,2.49796,836.871,2
11,2,4.99592,912.584,2
11,3,7.49389,1092.982,2
11,4,9.99185,897.232,2
12,0,0,578.7,2
12,1,2.49796,820.089,2
12,2,4.99592,1015.467,2
12,3,7.49389,1070.391,2
12,4,9.99185,819.822,2
13,0,0,594.143,2
13,1,2.49796,950.652,2
13,2,4.99592,1145.556,2
13,3,7.49389,1176.019,2
13,4,9.99185,820.076,2
14,0,0,575.751,2
14,1,2.49796,972.222,2
14,2,4.99592,1216.704,2
14,3,7.49389,1186.406,2
14,4,9.99185,849.714,2
15,0,0,612.391,2
15,1,2.49796,1109.271,2
15,2,4.99592,1403.949,2
15,3,7.49389,1245.382,2
15,4,9.99185,874.913,2
16,0,0,669.015,2
16,1,2.49796,1226.2,2
16,2,4.99592,1544.77,2
16,3,7.49389,1449.255,2
16,4,9.99185,958.808,2
17,0,0,663.689,2
17,1,2.49796,1282.926,2
17,2,4.99592,1631.049,2
17,3,7.49389,1459.675,2
17,4,9.99185,982.735,2
18,0,0,669.112,2
18,1,2.49796,1353.007,2
18,2,4.99592,1853.189,2
18,3,7.49389,1590.069,2
18,4,9.99185,997.229,2
19,0,0,665.359,2
19,1,2.49796,1351.744,2
19,2,4.99592,1870.452,2
19,3,7.49389,1663.991,2
19,4,9.99185,1040.886,2
20,0,0,687.419,2
20,1,2.49796,1426.08,2
20,2,4.99592,1898.84,2
20,3,7.49389,1676.926,2
20,4,9.99185,1057.118,2
21,0,0,666.92,2
21,1,2.49796,1433.209,2
21,2,4.99592,1974.472,2
21,3,7.49389,1627.821,2
21,4,9.99185,1009.448,2
22,0,0,648.148,2
22,1,2.49796,1445.745,2
22,2,4.99592,2095.54,2
22,3,7.49389,1589.6,2
22,4,9.99185,896.573,2
23,0,0,676.139,2
23,1,2.49796,1645.425,2
23,2,4.99592,2386.495,2
23,3,7.49389,1643.471,2
23,4,9.99185,930.463,2
24,0,0,813.564,2
24,1,2.49796,1990.769,2
24,2,4.99592,2660.65,2
24,3,7.49389,1738.432,2
24,4,9.99185,921.675,2
25,0,0,832.21,2
25,1,2.49796,2055.933,2
25,2,4.99592,2740.825,2
25,3,7.49389,1745.284,2
25,4,9.99185,899.08,2
26,0,0,817.444,2
26,1,2.49796,2097.47,2
26,2,4.99592,2697.619,2
26,3,7.49389,1750.215,2
26,4,9.99185,949.575,2
27,0,0,830.652,2
27,1,2.49796,2029.828,2
27,2,4.99592,2646.391,2
27,3,7.49389,1811.897,2
27,4,9.99185,971.257,2
28,0,0,829.708,2
28,1,2.49796,1998.176,2
28,2,4.99592,2597.567,2
28,3,7.49389,1939.275,2
28,4,9.99185,981.61,2
29,0,0,810.258,2
29,1,2.49796,1905.011,2
29,2,4.99592,2575.029,2
29,3,7.49389,1903.448,2
29,4,9.99185,1077.587,2
30,0,0,781.766,2
30,1,2.49796,1926.393,2
30,2,4.99592,2565.356,2
30,3,7.49389,1943.258,2
30,4,9.99185,1132.418,2
31,0,0,824.801,2
31,1,2.49796,2051.714,2
31,2,4.99592,2605.691,2
31,3,7.49389,2045.87,2
31,4,9.99185,1251.934,2
32,0,0,807.126,2
32,1,2.49796,1901.783,2
32,2,4.99592,2500.568,2
32,3,7.49389,2161.129,2
32,4,9.99185,1373.887,2
33,0,0,776.762,2
33,1,2.49796,1902.68,2
33,2,4.99592,2384.108,2
33,3,7.49389,2227.848,2
33,4,9.99185,1386.596,2
34,0,0,783.09,2
34,1,2.49796,1741.218,2
34,2,4.99592,2297.866,2
34,3,7.49389,1906.493,2
34,4,9.99185,1255.302,2
35,0,0,725.625,2
35,1,2.49796,1641.641,2
35,2,4.99592,2057.92,2
35,3,7.49389,1853.783,2
35,4,9.99185,1236.682,2
36,0,0,806.12,2
36,1,2.49796,1775.881,2
36,2,4.99592,2204.445,2
36,3,7.49389,1974.052,2
36,4,9.99185,1235.823,2
37,0,0,868.364,2
37,1,2.49796,1845.512,2
37,2,4.99592,2289.294,2
37,3,7.49389,2001.906,2
37,4,9.99185,1173.598,2
38,0,0,874.934,2
38,1,2.49796,1900.057,2
38,2,4.99592,2375.695,2
38,3,7.49389,2187.018,2
38,4,9.99185,1215.822,2
39,0,0,905.196,2
39,1,2.49796,2025.273,2
39,2,4.99592,2625.235,2
39,3,7.49389,2007.967,2
39,4,9.99185,1129.034,2
40,0,0,941.814,2
40,1,2.49796,2132.827,2
40,2,4.99592,2868.421,2
40,3,7.49389,2096.497,2
40,4,9.99185,1087.107,2
41,0,0,778.559,2
41,1,2.49796,1954.874,2
41,2,4.99592,2443.197,2
41,3,7.49389,1953.677,2
41,4,9.99185,953.348,2
42,0,0,691.158,2
42,1,2.49796,1700.055,2
42,2,4.99592,2362.308,2
42,3,7.49389,1775.308,2
42,4,9.99185,1030.681,2
43,0,0,629.616,2
43,1,2.49796,1568.687,2
43,2,4.99592,2279.816,2
43,3,7.49389,1816.047,2
43,4,9.99185,1140.427,2
44,0,0,571.858,2
44,1,2.49796,1402.908,2
44,2,4.99592,2164.377,2
44,3,7.49389,1850.898,2
44,4,9.99185,1107.446,2
45,0,0,525.69,2
45,1,2.49796,1389.682,2
45,2,4.99592,2102.566,2
45,3,7.49389,1802.498,2
45,4,9.99185,1130.098,2
46,0,0,468,2
46,1,2.49796,1222.423,2
46,2,4.99592,1911.071,2
46,3,7.49389,1692.399,2
46,4,9.99185,1057.824,2
47,0,0,485.298,2
47,1,2.49796,1263.61,2
47,2,4.99592,2109.369,2
47,3,7.49389,1680.729,2
47,4,9.99185,1021.706,2
48,0,0,491.852,2
48,1,2.49796,1310.459,2
48,2,4.99592,1939.835,2
48,3,7.49389,1692.932,2
48,4,9.99185,1177.669,2
49,0,0,474.376,2
49,1,2.49796,1284.666,2
49,2,4.99592,1948.98,2
49,3,7.49389,1618.147,2
49,4,9.99185,1144.911,2
1,0,0,335.608,3
1,1,2.49796,355.912,3
1,2,4.99592,413.571,3
1,3,7.49389,452.057,3
1,4,9.99185,516.613,3
2,0,0,368.023,3
2,1,2.49796,380.325,3
2,2,4.99592,438.642,3
2,3,7.49389,463.578,3
2,4,9.99185,502.235,3
3,0,0,387.882,3
3,1,2.49796,397.3457,3
3,2,4.99592,426.548,3
3,3,7.49389,452.8513,3
3,4,9.99185,486.4761,3
4,0,0,380.607,3
4,1,2.49796,402.3628,3
4,2,4.99592,405.8678,3
4,3,7.49389,470.2113,3
4,4,9.99185,471.0531,3
5,0,0,379.6643,3
5,1,2.49796,379.7812,3
5,2,4.99592,383.5147,3
5,3,7.49389,441.3651,3
5,4,9.99185,432.7449,3
6,0,0,357.4788,3
6,1,2.49796,375.0342,3
6,2,4.99592,342.4976,3
6,3,7.49389,386.6245,3
6,4,9.99185,398.0968,3
7,0,0,351.9767,3
7,1,2.49796,368.672,3
7,2,4.99592,338.3259,3
7,3,7.49389,374.9837,3
7,4,9.99185,373.1261,3
8,0,0,334.962,3
8,1,2.49796,377.9875,3
8,2,4.99592,343.7534,3
8,3,7.49389,348.668,3
8,4,9.99185,350.9657,3
9,0,0,321.5558,3
9,1,2.49796,384.7084,3
9,2,4.99592,351.2164,3
9,3,7.49389,360.3565,3
9,4,9.99185,331.472,3
10,0,0,328.5306,3
10,1,2.49796,373.9591,3
10,2,4.99592,342.708,3
10,3,7.49389,339.9377,3
10,4,9.99185,322.3427,3
11,0,0,314.0893,3
11,1,2.49796,377.8518,3
11,2,4.99592,332.5549,3
11,3,7.49389,302.8584,3
11,4,9.99185,295.1284,3
12,0,0,322.199,3
12,1,2.49796,422.766,3
12,2,4.99592,374.466,3
12,3,7.49389,345.611,3
12,4,9.99185,327.026,3
13,0,0,329.121,3
13,1,2.49796,444.783,3
13,2,4.99592,378.921,3
13,3,7.49389,358.677,3
13,4,9.99185,353.903,3
14,0,0,335.2702,3
14,1,2.49796,425.2368,3
14,2,4.99592,399.4998,3
14,3,7.49389,376.5371,3
14,4,9.99185,358.8659,3
15,0,0,327.422,3
15,1,2.49796,432.707,3
15,2,4.99592,390.797,3
15,3,7.49389,377.612,3
15,4,9.99185,392.644,3
16,0,0,331.296,3
16,1,2.49796,441.761,3
16,2,4.99592,423.154,3
16,3,7.49389,420.542,3
16,4,9.99185,415.42,3
17,0,0,313.383,3
17,1,2.49796,458.278,3
17,2,4.99592,440.299,3
17,3,7.49389,434.586,3
17,4,9.99185,385.842,3
18,0,0,318.101,3
18,1,2.49796,470.19,3
18,2,4.99592,453.908,3
18,3,7.49389,420.715,3
18,4,9.99185,423.539,3
19,0,0,312.38,3
19,1,2.49796,473.115,3
19,2,4.99592,507.815,3
19,3,7.49389,532.45,3
19,4,9.99185,551.192,3
20,0,0,303.732,3
20,1,2.49796,510.678,3
20,2,4.99592,624.658,3
20,3,7.49389,640.801,3
20,4,9.99185,629.691,3
21,0,0,317.402,3
21,1,2.49796,544.131,3
21,2,4.99592,665.948,3
21,3,7.49389,675.778,3
21,4,9.99185,619.986,3
22,0,0,315.366,3
22,1,2.49796,537.136,3
22,2,4.99592,699.193,3
22,3,7.49389,706.409,3
22,4,9.99185,643.806,3
23,0,0,318.341,3
23,1,2.49796,538.785,3
23,2,4.99592,682.623,3
23,3,7.49389,669.075,3
23,4,9.99185,554.205,3
1,0,0,821.829,4
1,1,2.49796,967.347,4
1,2,4.99592,1219.023,4
1,3,7.49389,2133.062,4
1,4,9.99185,3279.121,4
1,5,12.48981,4106.195,4
2,0,0,785.186,4
2,1,2.49796,1086.881,4
2,2,4.99592,1015.489,4
2,3,7.49389,1504.616,4
2,4,9.99185,2453.939,4
2,5,12.48981,3595.474,4
3,0,0,750.255,4
3,1,2.49796,1134.445,4
3,2,4.99592,838.384,4
3,3,7.49389,991.295,4
3,4,9.99185,1613.344,4
3,5,12.48981,2728.615,4
4,0,0,703.856,4
4,1,2.49796,1114.761,4
4,2,4.99592,751.681,4
4,3,7.49389,734.344,4
4,4,9.99185,1231.608,4
4,5,12.48981,1871.626,4
5,0,0,661.941,4
5,1,2.49796,1119.013,4
5,2,4.99592,750.899,4
5,3,7.49389,696.533,4
5,4,9.99185,1101.241,4
5,5,12.48981,1666.715,4
6,0,0,651.253,4
6,1,2.49796,1226.568,4
6,2,4.99592,858.453,4
6,3,7.49389,791.672,4
6,4,9.99185,1242.792,4
6,5,12.48981,1617.955,4
7,0,0,629.622,4
7,1,2.49796,1215.293,4
7,2,4.99592,858.435,4
7,3,7.49389,744.461,4
7,4,9.99185,929.889,4
7,5,12.48981,988.016,4
8,0,0,645.34,4
8,1,2.49796,1278.053,4
8,2,4.99592,855.531,4
8,3,7.49389,595.157,4
8,4,9.99185,810.131,4
8,5,12.48981,889.828,4
9,0,0,606.604,4
9,1,2.49796,1240.443,4
9,2,4.99592,901.555,4
9,3,7.49389,671.099,4
9,4,9.99185,762.074,4
9,5,12.48981,829.793,4
10,0,0,616.07,4
10,1,2.49796,1238.412,4
10,2,4.99592,1005.153,4
10,3,7.49389,839.456,4
10,4,9.99185,906.371,4
10,5,12.48981,1283.913,4
11,0,0,620.807,4
11,1,2.49796,1242.418,4
11,2,4.99592,942.521,4
11,3,7.49389,704.511,4
11,4,9.99185,816.74,4
11,5,12.48981,1159.915,4
12,0,0,623.296,4
12,1,2.49796,1289.962,4
12,2,4.99592,1098.661,4
12,3,7.49389,1020.319,4
12,4,9.99185,1119.317,4
12,5,12.48981,1197.317,4
13,0,0,597.898,4
13,1,2.49796,1299.385,4
13,2,4.99592,1166.693,4
13,3,7.49389,1156.128,4
13,4,9.99185,1191.837,4
13,5,12.48981,1089.901,4
14,0,0,564.562,4
14,1,2.49796,1251.637,4
14,2,4.99592,1029.553,4
14,3,7.49389,859.435,4
14,4,9.99185,829.062,4
14,5,12.48981,914.02,4
15,0,0,562.92,4
15,1,2.49796,1234.135,4
15,2,4.99592,986.877,4
15,3,7.49389,881.069,4
15,4,9.99185,1337.054,4
15,5,12.48981,1498.633,4
16,0,0,689.551,4
16,1,2.49796,1382.308,4
16,2,4.99592,1121.877,4
16,3,7.49389,1387.985,4
16,4,9.99185,1927.345,4
16,5,12.48981,2102.524,4
17,0,0,840.353,4
17,1,2.49796,1430.272,4
17,2,4.99592,1276.914,4
17,3,7.49389,1658.019,4
17,4,9.99185,2281.32,4
17,5,12.48981,2523.067,4
18,0,0,861.452,4
18,1,2.49796,1555.371,4
18,2,4.99592,1478.672,4
18,3,7.49389,1801.794,4
18,4,9.99185,2340.16,4
18,5,12.48981,2680.283,4
19,0,0,906.497,4
19,1,2.49796,1617.355,4
19,2,4.99592,1438.296,4
19,3,7.49389,1694.632,4
19,4,9.99185,2446.253,4
19,5,12.48981,2923.494,4
20,0,0,861.09,4
20,1,2.49796,1510.436,4
20,2,4.99592,1458.681,4
20,3,7.49389,1809.473,4
20,4,9.99185,2226.308,4
20,5,12.48981,2581.896,4
21,0,0,815.442,4
21,1,2.49796,1395.702,4
21,2,4.99592,1255.34,4
21,3,7.49389,1303.304,4
21,4,9.99185,1561.844,4
21,5,12.48981,2100.831,4
22,0,0,723.878,4
22,1,2.49796,1221.279,4
22,2,4.99592,1140.136,4
22,3,7.49389,1503.596,4
22,4,9.99185,1777.112,4
22,5,12.48981,2308.325,4
23,0,0,757.141,4
23,1,2.49796,1370.128,4
23,2,4.99592,1280.366,4
23,3,7.49389,1412.665,4
23,4,9.99185,2009.372,4
23,5,12.48981,2669.594,4
24,0,0,673.746,4
24,1,2.49796,1242.738,4
24,2,4.99592,1693.302,4
24,3,7.49389,2655.789,4
24,4,9.99185,3790.684,4
24,5,12.48981,4224.727,4
1,0,0,325.433,5
1,1,2.49796,339.645,5
1,2,4.99592,331.337,5
1,3,7.49389,325.499,5
1,4,9.99185,357.819,5
1,5,12.48981,521.919,5
2,0,0,349.214,5
2,1,2.49796,350.364,5
2,2,4.99592,358.139,5
2,3,7.49389,331.238,5
2,4,9.99185,393.073,5
2,5,12.48981,535.114,5
3,0,0,364.165,5
3,1,2.49796,404.971,5
3,2,4.99592,377.286,5
3,3,7.49389,359.448,5
3,4,9.99185,422.605,5
3,5,12.48981,550.102,5
4,0,0,362.438,5
4,1,2.49796,382.501,5
4,2,4.99592,381.456,5
4,3,7.49389,368.061,5
4,4,9.99185,393.416,5
4,5,12.48981,532.754,5
5,0,0,368.287,5
5,1,2.49796,379.823,5
5,2,4.99592,356.121,5
5,3,7.49389,371.06,5
5,4,9.99185,442.872,5
5,5,12.48981,584.391,5
6,0,0,363.373,5
6,1,2.49796,394.887,5
6,2,4.99592,361.504,5
6,3,7.49389,388.52,5
6,4,9.99185,487.153,5
6,5,12.48981,618.939,5
7,0,0,387.736,5
7,1,2.49796,402.163,5
7,2,4.99592,391.809,5
7,3,7.49389,398.046,5
7,4,9.99185,471.16,5
7,5,12.48981,605.001,5
8,0,0,372.728,5
8,1,2.49796,384.18,5
8,2,4.99592,370.709,5
8,3,7.49389,373.803,5
8,4,9.99185,438.756,5
8,5,12.48981,572.203,5
9,0,0,391.951,5
9,1,2.49796,433.333,5
9,2,4.99592,415.462,5
9,3,7.49389,417.186,5
9,4,9.99185,477.494,5
9,5,12.48981,594.674,5
10,0,0,412.068,5
10,1,2.49796,453.338,5
10,2,4.99592,422.087,5
10,3,7.49389,436.412,5
10,4,9.99185,499.812,5
10,5,12.48981,611.305,5
11,0,0,378.203,5
11,1,2.49796,420.757,5
11,2,4.99592,408.282,5
11,3,7.49389,436.704,5
11,4,9.99185,526.13,5
11,5,12.48981,658.204,5
12,0,0,393.398,5
12,1,2.49796,430.232,5
12,2,4.99592,406.104,5
12,3,7.49389,468.416,5
12,4,9.99185,538.858,5
12,5,12.48981,636.427,5
13,0,0,417.154,5
13,1,2.49796,459.378,5
13,2,4.99592,449.531,5
13,3,7.49389,507.157,5
13,4,9.99185,622.309,5
13,5,12.48981,712.685,5
14,0,0,423.17,5
14,1,2.49796,447.597,5
14,2,4.99592,447.476,5
14,3,7.49389,494.742,5
14,4,9.99185,645.101,5
14,5,12.48981,738.776,5
15,0,0,430.357,5
15,1,2.49796,462.833,5
15,2,4.99592,460.209,5
15,3,7.49389,520.546,5
15,4,9.99185,638.069,5
15,5,12.48981,741.348,5
16,0,0,422.581,5
16,1,2.49796,481.518,5
16,2,4.99592,479.333,5
16,3,7.49389,531.568,5
16,4,9.99185,622.078,5
16,5,12.48981,697.311,5
17,0,0,411.237,5
17,1,2.49796,460.898,5
17,2,4.99592,460.562,5
17,3,7.49389,516.243,5
17,4,9.99185,604.66,5
17,5,12.48981,679.172,5
18,0,0,415.413,5
18,1,2.49796,467.361,5
18,2,4.99592,449.103,5
18,3,7.49389,523.625,5
18,4,9.99185,623.927,5
18,5,12.48981,657.74,5
19,0,0,402.332,5
19,1,2.49796,450.493,5
19,2,4.99592,449.453,5
19,3,7.49389,520.583,5
19,4,9.99185,603.299,5
19,5,12.48981,632.127,5
20,0,0,398.057,5
20,1,2.49796,469.747,5
20,2,4.99592,484.335,5
20,3,7.49389,581.082,5
20,4,9.99185,661.631,5
20,5,12.48981,715.273,5
21,0,0,398.489,5
21,1,2.49796,468.352,5
21,2,4.99592,503.467,5
21,3,7.49389,584.204,5
21,4,9.99185,655.579,5
21,5,12.48981,718.036,5
22,0,0,417.547,5
22,1,2.49796,513.297,5
22,2,4.99592,539.345,5
22,3,7.49389,609.511,5
22,4,9.99185,669.507,5
22,5,12.48981,727.209,5
23,0,0,370.922,5
23,1,2.49796,438.695,5
23,2,4.99592,420.789,5
23,3,7.49389,463.428,5
23,4,9.99185,510.821,5
23,5,12.48981,554.131,5
1,0,0,348.7512,6
1,1,2.49796,327.3496,6
1,2,4.99592,270.1205,6
1,3,7.49389,299.4638,6
2,0,0,420.1561,6
2,1,2.49796,452.1792,6
2,2,4.99592,378.0771,6
2,3,7.49389,397.2208,6
3,0,0,510.3018,6
3,1,2.49796,544.5174,6
3,2,4.99592,468.6281,6
3,3,7.49389,495.9709,6
4,0,0,584.896,6
4,1,2.49796,630.094,6
4,2,4.99592,509.748,6
4,3,7.49389,398.47,6
5,0,0,533.534,6
5,1,2.49796,539.999,6
5,2,4.99592,422.044,6
5,3,7.49389,379.966,6
6,0,0,522.959,6
6,1,2.49796,505.923,6
6,2,4.99592,389.173,6
6,3,7.49389,315.604,6
7,0,0,499.834,6
7,1,2.49796,444.14,6
7,2,4.99592,316.062,6
7,3,7.49389,259.594,6
8,0,0,596.08,6
8,1,2.49796,558.353,6
8,2,4.99592,370.449,6
8,3,7.49389,275.501,6
9,0,0,562.063,6
9,1,2.49796,597.159,6
9,2,4.99592,352.468,6
9,3,7.49389,228.436,6
10,0,0,590.696,6
10,1,2.49796,648.329,6
10,2,4.99592,388.219,6
10,3,7.49389,213.799,6
11,0,0,719.724,6
11,1,2.49796,846.704,6
11,2,4.99592,497.132,6
11,3,7.49389,261.052,6
12,0,0,709.189,6
12,1,2.49796,738.713,6
12,2,4.99592,433.664,6
12,3,7.49389,222.411,6
13,0,0,801.888,6
13,1,2.49796,904.78,6
13,2,4.99592,529.673,6
13,3,7.49389,270.516,6
14,0,0,798.795,6
14,1,2.49796,870.035,6
14,2,4.99592,458.929,6
14,3,7.49389,235.959,6
15,0,0,843.717,6
15,1,2.49796,889.815,6
15,2,4.99592,505.068,6
15,3,7.49389,300.999,6
16,0,0,832.556,6
16,1,2.49796,927.521,6
16,2,4.99592,595.409,6
16,3,7.49389,351.553,6
17,0,0,770.735,6
17,1,2.49796,663.423,6
17,2,4.99592,348.734,6
17,3,7.49389,190.817,6
18,0,0,882.282,6
18,1,2.49796,898.176,6
18,2,4.99592,535.524,6
18,3,7.49389,335.994,6
19,0,0,807.99,6
19,1,2.49796,772.348,6
19,2,4.99592,422.662,6
19,3,7.49389,257.02,6
20,0,0,817.779,6
20,1,2.49796,727.009,6
20,2,4.99592,403.872,6
20,3,7.49389,246.092,6
21,0,0,941.331,6
21,1,2.49796,1004.291,6
21,2,4.99592,783.086,6
21,3,7.49389,554,6
22,0,0,991.017,6
22,1,2.49796,1140.725,6
22,2,4.99592,1010.917,6
22,3,7.49389,775.686,6
23,0,0,1007.171,6
23,1,2.49796,1157.49,6
23,2,4.99592,923.664,6
23,3,7.49389,661.125,6
24,0,0,1017.838,6
24,1,2.49796,1410.509,6
24,2,4.99592,1316.095,6
24,3,7.49389,1034.766,6
25,0,0,1037.151,6
25,1,2.49796,1513.758,6
25,2,4.99592,1429.187,6
25,3,7.49389,1052.271,6
26,0,0,1113.544,6
26,1,2.49796,1646.653,6
26,2,4.99592,1447.725,6
26,3,7.49389,1010.401,6
27,0,0,1051.244,6
27,1,2.49796,1596.683,6
27,2,4.99592,1417.402,6
27,3,7.49389,936.787,6
28,0,0,1139.066,6
28,1,2.49796,1624.976,6
28,2,4.99592,1316.607,6
28,3,7.49389,871.665,6
29,0,0,1042.124,6
29,1,2.49796,1453.798,6
29,2,4.99592,1163.84,6
29,3,7.49389,714.28,6
30,0,0,1069.168,6
30,1,2.49796,1461.061,6
30,2,4.99592,1177.237,6
30,3,7.49389,720.816,6
31,0,0,1004.635,6
31,1,2.49796,1360.005,6
31,2,4.99592,1023.216,6
31,3,7.49389,601.986,6
32,0,0,957.115,6
32,1,2.49796,1326.904,6
32,2,4.99592,963.075,6
32,3,7.49389,617.44,6
33,0,0,869.683,6
33,1,2.49796,1275.128,6
33,2,4.99592,1053.659,6
33,3,7.49389,691.956,6
1,0,0,352.985,7
1,1,2.49796,516.343,7
1,2,4.99592,736.203,7
1,3,7.49389,891.898,7
1,4,9.99185,941.115,7
2,0,0,364.896,7
2,1,2.49796,533.788,7
2,2,4.99592,738.744,7
2,3,7.49389,838.68,7
2,4,9.99185,890.32,7
3,0,0,404.462,7
3,1,2.49796,573.687,7
3,2,4.99592,827.9,7
3,3,7.49389,965.902,7
3,4,9.99185,1024.703,7
4,0,0,380.993,7
4,1,2.49796,582.134,7
4,2,4.99592,807.301,7
4,3,7.49389,923.466,7
4,4,9.99185,960.882,7
5,0,0,369.216,7
5,1,2.49796,565.687,7
5,2,4.99592,791.823,7
5,3,7.49389,923.322,7
5,4,9.99185,1013.593,7
6,0,0,371.517,7
6,1,2.49796,581.868,7
6,2,4.99592,827.496,7
6,3,7.49389,970.547,7
6,4,9.99185,1028.638,7
7,0,0,396.921,7
7,1,2.49796,624.146,7
7,2,4.99592,872.248,7
7,3,7.49389,986.656,7
7,4,9.99185,1105.054,7
8,0,0,414.52,7
8,1,2.49796,644.178,7
8,2,4.99592,869.967,7
8,3,7.49389,1029.482,7
8,4,9.99185,1069.004,7
9,0,0,411.813,7
9,1,2.49796,639.287,7
9,2,4.99592,858.567,7
9,3,7.49389,999.662,7
9,4,9.99185,1075.629,7
10,0,0,379.076,7
10,1,2.49796,603.801,7
10,2,4.99592,871.715,7
10,3,7.49389,984.414,7
10,4,9.99185,1039.48,7
11,0,0,392.195,7
11,1,2.49796,584.293,7
11,2,4.99592,841.167,7
11,3,7.49389,1019.948,7
11,4,9.99185,1072.191,7
12,0,0,393.923,7
12,1,2.49796,563.179,7
12,2,4.99592,840.65,7
12,3,7.49389,973.94,7
12,4,9.99185,1030.714,7
13,0,0,395.693,7
13,1,2.49796,567.952,7
13,2,4.99592,836.835,7
13,3,7.49389,936.392,7
13,4,9.99185,1038.037,7
14,0,0,394.979,7
14,1,2.49796,566.881,7
14,2,4.99592,773.512,7
14,3,7.49389,920.387,7
14,4,9.99185,959.783,7
15,0,0,375.855,7
15,1,2.49796,544.019,7
15,2,4.99592,779.435,7
15,3,7.49389,954.656,7
15,4,9.99185,978.999,7
16,0,0,375.12,7
16,1,2.49796,552.98,7
16,2,4.99592,793.266,7
16,3,7.49389,941.818,7
16,4,9.99185,1004.862,7
17,0,0,363.408,7
17,1,2.49796,496.656,7
17,2,4.99592,715.136,7
17,3,7.49389,873.371,7
17,4,9.99185,945.733,7
18,0,0,368.383,7
18,1,2.49796,500.874,7
18,2,4.99592,679.231,7
18,3,7.49389,809.917,7
18,4,9.99185,876.435,7
19,0,0,359.289,7
19,1,2.49796,485.215,7
19,2,4.99592,699.42,7
19,3,7.49389,837.5,7
19,4,9.99185,910.112,7
20,0,0,353.985,7
20,1,2.49796,483.482,7
20,2,4.99592,679.138,7
20,3,7.49389,808.011,7
20,4,9.99185,888.049,7
21,0,0,365.861,7
21,1,2.49796,465.301,7
21,2,4.99592,592.53,7
21,3,7.49389,721.671,7
21,4,9.99185,828.696,7
22,0,0,360.031,7
22,1,2.49796,491.096,7
22,2,4.99592,606.149,7
22,3,7.49389,723.23,7
22,4,9.99185,813.155,7
1,0,0,839.149,8
1,1,2.49796,983.224,8
1,2,4.99592,1144.656,8
1,3,7.49389,1642.705,8
2,0,0,908.618,8
2,1,2.49796,1202.661,8
2,2,4.99592,1420.888,8
2,3,7.49389,1859.926,8
3,0,0,850.477,8
3,1,2.49796,1139.837,8
3,2,4.99592,1392.856,8
3,3,7.49389,1795.389,8
4,0,0,1006.87,8
4,1,2.49796,1289.965,8
4,2,4.99592,1548.578,8
4,3,7.49389,2013.531,8
5,0,0,951.455,8
5,1,2.49796,1225.973,8
5,2,4.99592,1471.461,8
5,3,7.49389,1982.599,8
6,0,0,870.274,8
6,1,2.49796,1076.774,8
6,2,4.99592,1286.79,8
6,3,7.49389,1724.017,8
7,0,0,878.414,8
7,1,2.49796,1043.124,8
7,2,4.99592,1197.166,8
7,3,7.49389,1580.476,8
8,0,0,787.691,8
8,1,2.49796,921.929,8
8,2,4.99592,1007.593,8
8,3,7.49389,1315.319,8
9,0,0,745.846,8
9,1,2.49796,845.337,8
9,2,4.99592,892.275,8
9,3,7.49389,1054.765,8
10,0,0,689.844,8
10,1,2.49796,769.343,8
10,2,4.99592,775.892,8
10,3,7.49389,937.233,8
11,0,0,715.153,8
11,1,2.49796,785.411,8
11,2,4.99592,780.61,8
11,3,7.49389,868.546,8
12,0,0,664.5344,8
12,1,2.49796,717.9055,8
12,2,4.99592,671.6052,8
12,3,7.49389,732.4392,8
13,0,0,681.722,8
13,1,2.49796,694.029,8
13,2,4.99592,589.244,8
13,3,7.49389,632.168,8
14,0,0,674.466,8
14,1,2.49796,692.139,8
14,2,4.99592,575.099,8
14,3,7.49389,552.273,8
15,0,0,682.461,8
15,1,2.49796,664.426,8
15,2,4.99592,547.75,8
15,3,7.49389,555.447,8
16,0,0,604.867,8
16,1,2.49796,578.1,8
16,2,4.99592,477.757,8
16,3,7.49389,488.207,8
17,0,0,751.47,8
17,1,2.49796,772.608,8
17,2,4.99592,609.972,8
17,3,7.49389,575.064,8
18,0,0,701.615,8
18,1,2.49796,786.914,8
18,2,4.99592,561.183,8
18,3,7.49389,501.946,8
19,0,0,721.665,8
19,1,2.49796,777.914,8
19,2,4.99592,531.375,8
19,3,7.49389,438.083,8
20,0,0,636.658,8
20,1,2.49796,700.891,8
20,2,4.99592,490.513,8
20,3,7.49389,379.211,8
21,0,0,618.596,8
21,1,2.49796,681.293,8
21,2,4.99592,505.995,8
21,3,7.49389,395.891,8
22,0,0,597.29,8
22,1,2.49796,617.448,8
22,2,4.99592,392.995,8
22,3,7.49389,327.294,8
23,0,0,621.101,8
23,1,2.49796,695.332,8
23,2,4.99592,472.793,8
23,3,7.49389,367.145,8
24,0,0,645.542,8
24,1,2.49796,696.345,8
24,2,4.99592,482.349,8
24,3,7.49389,368.098,8
25,0,0,587.381,8
25,1,2.49796,630.189,8
25,2,4.99592,424.41,8
25,3,7.49389,318.067,8